<?xml version="1.0" encoding="utf-8"?>
<Level><ObjectCount>60</ObjectCount>
<GameObject>
<ObjectType>10</ObjectType>
<FBX>MiningNodeRuby.fbx</FBX>
<Tag>RubyNode</Tag>
<Texture>RubyNodeTexture.dds</Texture>
<Transform>
<Position>
<PosX>180.687</PosX>
<PosY>0</PosY>
<PosZ>76.3726</PosZ>
</Position>
<Scale>
<ScaleX>1</ScaleX>
<ScaleY>1</ScaleY>
<ScaleZ>1</ScaleZ>
</Scale>
<Rotation>
<RotX>0</RotX>
<RotY>0</RotY>
<RotZ>0</RotZ>
</Rotation>
</Transform>
<WPCount>0</WPCount>
</GameObject>
<GameObject>
<ObjectType>10</ObjectType>
<FBX>MiningNodeRuby.fbx</FBX>
<Tag>RubyNode</Tag>
<Texture>RubyNodeTexture.dds</Texture>
<Transform>
<Position>
<PosX>185.83</PosX>
<PosY>0</PosY>
<PosZ>63.9642</PosZ>
</Position>
<Scale>
<ScaleX>1</ScaleX>
<ScaleY>1</ScaleY>
<ScaleZ>1</ScaleZ>
</Scale>
<Rotation>
<RotX>0</RotX>
<RotY>0</RotY>
<RotZ>0</RotZ>
</Rotation>
</Transform>
<WPCount>0</WPCount>
</GameObject>
<GameObject>
<ObjectType>10</ObjectType>
<FBX>MiningNodeRuby.fbx</FBX>
<Tag>pCube5Shape</Tag>
<Texture>RubyNodeTexture.dds</Texture>
<Transform>
<Position>
<PosX>127.895</PosX>
<PosY>0</PosY>
<PosZ>205.552</PosZ>
</Position>
<Scale>
<ScaleX>1</ScaleX>
<ScaleY>1</ScaleY>
<ScaleZ>1</ScaleZ>
</Scale>
<Rotation>
<RotX>0</RotX>
<RotY>0</RotY>
<RotZ>0</RotZ>
</Rotation>
</Transform>
<WPCount>0</WPCount>
</GameObject>
<GameObject>
<ObjectType>10</ObjectType>
<FBX>MiningNodeRuby.fbx</FBX>
<Tag>RubyNode</Tag>
<Texture>RubyNodeTexture.dds</Texture>
<Transform>
<Position>
<PosX>105.193</PosX>
<PosY>0</PosY>
<PosZ>122.297</PosZ>
</Position>
<Scale>
<ScaleX>1</ScaleX>
<ScaleY>1</ScaleY>
<ScaleZ>1</ScaleZ>
</Scale>
<Rotation>
<RotX>0</RotX>
<RotY>0</RotY>
<RotZ>0</RotZ>
</Rotation>
</Transform>
<WPCount>0</WPCount>
</GameObject>
<GameObject>
<ObjectType>10</ObjectType>
<FBX>MiningNodeRuby.fbx</FBX>
<Tag>RubyNode</Tag>
<Texture>RubyNodeTexture.dds</Texture>
<Transform>
<Position>
<PosX>166.932</PosX>
<PosY>0</PosY>
<PosZ>64.2061</PosZ>
</Position>
<Scale>
<ScaleX>1</ScaleX>
<ScaleY>1</ScaleY>
<ScaleZ>1</ScaleZ>
</Scale>
<Rotation>
<RotX>0</RotX>
<RotY>0</RotY>
<RotZ>0</RotZ>
</Rotation>
</Transform>
<WPCount>0</WPCount>
</GameObject>
<GameObject>
<ObjectType>19</ObjectType>
<FBX>TestCylinder.fbx</FBX>
<Tag>pCylinder3Shape</Tag>
<Texture>PressurePlateTexture.dds</Texture>
<Transform>
<Position>
<PosX>-9.57287</PosX>
<PosY>-4.70845</PosY>
<PosZ>379.185</PosZ>
</Position>
<Scale>
<ScaleX>17.5695</ScaleX>
<ScaleY>5.82011</ScaleY>
<ScaleZ>16.4551</ScaleZ>
</Scale>
<Rotation>
<RotX>0</RotX>
<RotY>2.16983</RotY>
<RotZ>0</RotZ>
</Rotation>
</Transform>
<WPCount>0</WPCount>
</GameObject>
<GameObject>
<ObjectType>11</ObjectType>
<FBX>MiningNodeSapphire.fbx</FBX>
<Tag>SapphireNode</Tag>
<Texture>SapphireGemTexture.dds</Texture>
<Transform>
<Position>
<PosX>30.1726</PosX>
<PosY>0</PosY>
<PosZ>249.127</PosZ>
</Position>
<Scale>
<ScaleX>1</ScaleX>
<ScaleY>1</ScaleY>
<ScaleZ>1</ScaleZ>
</Scale>
<Rotation>
<RotX>0</RotX>
<RotY>0</RotY>
<RotZ>0</RotZ>
</Rotation>
</Transform>
<WPCount>0</WPCount>
</GameObject>
<GameObject>
<ObjectType>7</ObjectType>
<FBX>Spider.fbx</FBX>
<Tag>Spider</Tag>
<Texture>Spider.dds</Texture>
<Transform>
<Position>
<PosX>121.824</PosX>
<PosY>0</PosY>
<PosZ>146.18</PosZ>
</Position>
<Scale>
<ScaleX>1</ScaleX>
<ScaleY>1</ScaleY>
<ScaleZ>1</ScaleZ>
</Scale>
<Rotation>
<RotX>0</RotX>
<RotY>0</RotY>
<RotZ>0</RotZ>
</Rotation>
</Transform>
<WPCount>2</WPCount>
<WayPoint1> 
<PosX>121.824</PosX> 
<PosY>0</PosY> 
<PosZ>287.503</PosZ> 
</WayPoint1> 
<WayPoint2> 
<PosX>121.824</PosX> 
<PosY>0</PosY> 
<PosZ>146.18</PosZ> 
</WayPoint2> 
</GameObject>
<GameObject>
<ObjectType>7</ObjectType>
<FBX>Spider.fbx</FBX>
<Tag>Spider</Tag>
<Texture>Spider.dds</Texture>
<Transform>
<Position>
<PosX>157.493</PosX>
<PosY>0</PosY>
<PosZ>77.7275</PosZ>
</Position>
<Scale>
<ScaleX>1</ScaleX>
<ScaleY>1</ScaleY>
<ScaleZ>1</ScaleZ>
</Scale>
<Rotation>
<RotX>0</RotX>
<RotY>0</RotY>
<RotZ>0</RotZ>
</Rotation>
</Transform>
<WPCount>3</WPCount>
<WayPoint1> 
<PosX>147.781</PosX> 
<PosY>0</PosY> 
<PosZ>77.881</PosZ> 
</WayPoint1> 
<WayPoint2> 
<PosX>108.216</PosX> 
<PosY>0</PosY> 
<PosZ>92.886</PosZ> 
</WayPoint2> 
<WayPoint3> 
<PosX>157.493</PosX> 
<PosY>0</PosY> 
<PosZ>124.646</PosZ> 
</WayPoint3> 
</GameObject>
<GameObject>
<ObjectType>17</ObjectType>
<FBX>UnitCube.fbx</FBX>
<Tag>Wall</Tag>
<Texture>Black_Fill.dds</Texture>
<Transform>
<Position>
<PosX>9.38021</PosX>
<PosY>0</PosY>
<PosZ>62.9632</PosZ>
</Position>
<Scale>
<ScaleX>11.6804</ScaleX>
<ScaleY>1</ScaleY>
<ScaleZ>113.768</ScaleZ>
</Scale>
<Rotation>
<RotX>0</RotX>
<RotY>0</RotY>
<RotZ>0</RotZ>
</Rotation>
</Transform>
<WPCount>0</WPCount>
</GameObject>
<GameObject>
<ObjectType>11</ObjectType>
<FBX>MiningNodeSapphire.fbx</FBX>
<Tag>SapphireNode</Tag>
<Texture>SapphireGemTexture.dds</Texture>
<Transform>
<Position>
<PosX>45.4332</PosX>
<PosY>0</PosY>
<PosZ>233.8</PosZ>
</Position>
<Scale>
<ScaleX>1</ScaleX>
<ScaleY>1</ScaleY>
<ScaleZ>1</ScaleZ>
</Scale>
<Rotation>
<RotX>0</RotX>
<RotY>0</RotY>
<RotZ>0</RotZ>
</Rotation>
</Transform>
<WPCount>0</WPCount>
</GameObject>
<GameObject>
<ObjectType>3</ObjectType>
<FBX>Anvil.fbx</FBX>
<Tag>Anvil</Tag>
<Texture>RubyGeodeTexture.dds</Texture>
<Transform>
<Position>
<PosX>-5.97075</PosX>
<PosY>0</PosY>
<PosZ>-27.2417</PosZ>
</Position>
<Scale>
<ScaleX>1</ScaleX>
<ScaleY>1</ScaleY>
<ScaleZ>1</ScaleZ>
</Scale>
<Rotation>
<RotX>0</RotX>
<RotY>0</RotY>
<RotZ>0</RotZ>
</Rotation>
</Transform>
<WPCount>0</WPCount>
</GameObject>
<GameObject>
<ObjectType>3</ObjectType>
<FBX>Anvil.fbx</FBX>
<Tag>Anvil</Tag>
<Texture>RubyGeodeTexture.dds</Texture>
<Transform>
<Position>
<PosX>210.942</PosX>
<PosY>0</PosY>
<PosZ>123.03</PosZ>
</Position>
<Scale>
<ScaleX>1</ScaleX>
<ScaleY>1</ScaleY>
<ScaleZ>1</ScaleZ>
</Scale>
<Rotation>
<RotX>0</RotX>
<RotY>0</RotY>
<RotZ>0</RotZ>
</Rotation>
</Transform>
<WPCount>0</WPCount>
</GameObject>
<GameObject>
<ObjectType>11</ObjectType>
<FBX>MiningNodeSapphire.fbx</FBX>
<Tag>SapphireNode</Tag>
<Texture>SapphireGemTexture.dds</Texture>
<Transform>
<Position>
<PosX>35.987</PosX>
<PosY>0</PosY>
<PosZ>238.709</PosZ>
</Position>
<Scale>
<ScaleX>1</ScaleX>
<ScaleY>1</ScaleY>
<ScaleZ>1</ScaleZ>
</Scale>
<Rotation>
<RotX>0</RotX>
<RotY>0</RotY>
<RotZ>0</RotZ>
</Rotation>
</Transform>
<WPCount>0</WPCount>
</GameObject>
<GameObject>
<ObjectType>11</ObjectType>
<FBX>MiningNodeSapphire.fbx</FBX>
<Tag>SapphireNode</Tag>
<Texture>SapphireGemTexture.dds</Texture>
<Transform>
<Position>
<PosX>114.127</PosX>
<PosY>0</PosY>
<PosZ>308.254</PosZ>
</Position>
<Scale>
<ScaleX>1</ScaleX>
<ScaleY>1</ScaleY>
<ScaleZ>1</ScaleZ>
</Scale>
<Rotation>
<RotX>0</RotX>
<RotY>0</RotY>
<RotZ>0</RotZ>
</Rotation>
</Transform>
<WPCount>0</WPCount>
</GameObject>
<GameObject>
<ObjectType>0</ObjectType>
<FBX>3D_Player_Idle.fbx</FBX>
<Tag>Player</Tag>
<Texture>Nimbus_3D_Teddy_D.dds</Texture>
<Transform>
<Position>
<PosX>0</PosX>
<PosY>0</PosY>
<PosZ>-15.2335</PosZ>
</Position>
<Scale>
<ScaleX>1</ScaleX>
<ScaleY>1</ScaleY>
<ScaleZ>1</ScaleZ>
</Scale>
<Rotation>
<RotX>0</RotX>
<RotY>0</RotY>
<RotZ>0</RotZ>
</Rotation>
</Transform>
<WPCount>0</WPCount>
</GameObject>
<GameObject>
<ObjectType>7</ObjectType>
<FBX>Spider.fbx</FBX>
<Tag>Spider</Tag>
<Texture>Spider.dds</Texture>
<Transform>
<Position>
<PosX>34.4155</PosX>
<PosY>0</PosY>
<PosZ>284.988</PosZ>
</Position>
<Scale>
<ScaleX>1</ScaleX>
<ScaleY>1</ScaleY>
<ScaleZ>1</ScaleZ>
</Scale>
<Rotation>
<RotX>0</RotX>
<RotY>0</RotY>
<RotZ>0</RotZ>
</Rotation>
</Transform>
<WPCount>2</WPCount>
<WayPoint1> 
<PosX>34.415</PosX> 
<PosY>0</PosY> 
<PosZ>373.449</PosZ> 
</WayPoint1> 
<WayPoint2> 
<PosX>34.415</PosX> 
<PosY>0</PosY> 
<PosZ>284.988</PosZ> 
</WayPoint2> 
</GameObject>
<GameObject>
<ObjectType>17</ObjectType>
<FBX>UnitCube.fbx</FBX>
<Tag>pCube33Shape</Tag>
<Texture>Black_Fill.dds</Texture>
<Transform>
<Position>
<PosX>-32.762</PosX>
<PosY>0</PosY>
<PosZ>-19.9852</PosZ>
</Position>
<Scale>
<ScaleX>3.53959</ScaleX>
<ScaleY>1</ScaleY>
<ScaleZ>41.6967</ScaleZ>
</Scale>
<Rotation>
<RotX>0</RotX>
<RotY>0</RotY>
<RotZ>0</RotZ>
</Rotation>
</Transform>
<WPCount>0</WPCount>
</GameObject>
<GameObject>
<ObjectType>17</ObjectType>
<FBX>UnitCube.fbx</FBX>
<Tag>Wall</Tag>
<Texture>Black_Fill.dds</Texture>
<Transform>
<Position>
<PosX>40.5655</PosX>
<PosY>0</PosY>
<PosZ>18.2266</PosZ>
</Position>
<Scale>
<ScaleX>11.6804</ScaleX>
<ScaleY>1</ScaleY>
<ScaleZ>121.079</ScaleZ>
</Scale>
<Rotation>
<RotX>0</RotX>
<RotY>0</RotY>
<RotZ>0</RotZ>
</Rotation>
</Transform>
<WPCount>0</WPCount>
</GameObject>
<GameObject>
<ObjectType>17</ObjectType>
<FBX>UnitCube.fbx</FBX>
<Tag>Wall</Tag>
<Texture>Black_Fill.dds</Texture>
<Transform>
<Position>
<PosX>-30.1429</PosX>
<PosY>0.55189</PosY>
<PosZ>-44.0053</PosZ>
</Position>
<Scale>
<ScaleX>3.53959</ScaleX>
<ScaleY>1</ScaleY>
<ScaleZ>20.3074</ScaleZ>
</Scale>
<Rotation>
<RotX>0</RotX>
<RotY>-0.766236</RotY>
<RotZ>0</RotZ>
</Rotation>
</Transform>
<WPCount>0</WPCount>
</GameObject>
<GameObject>
<ObjectType>17</ObjectType>
<FBX>UnitCube.fbx</FBX>
<Tag>Wall</Tag>
<Texture>Black_Fill.dds</Texture>
<Transform>
<Position>
<PosX>33.503</PosX>
<PosY>0.55189</PosY>
<PosZ>-41.5848</PosZ>
</Position>
<Scale>
<ScaleX>3.53959</ScaleX>
<ScaleY>1</ScaleY>
<ScaleZ>20.3074</ScaleZ>
</Scale>
<Rotation>
<RotX>0</RotX>
<RotY>-2.42022</RotY>
<RotZ>0</RotZ>
</Rotation>
</Transform>
<WPCount>0</WPCount>
</GameObject>
<GameObject>
<ObjectType>17</ObjectType>
<FBX>UnitCube.fbx</FBX>
<Tag>Wall</Tag>
<Texture>Black_Fill.dds</Texture>
<Transform>
<Position>
<PosX>5.62904</PosX>
<PosY>0</PosY>
<PosZ>-48.0472</PosZ>
</Position>
<Scale>
<ScaleX>81.5624</ScaleX>
<ScaleY>1</ScaleY>
<ScaleZ>8.90018</ScaleZ>
</Scale>
<Rotation>
<RotX>0.00397723</RotX>
<RotY>-0.0323711</RotY>
<RotZ>0.00134389</RotZ>
</Rotation>
</Transform>
<WPCount>0</WPCount>
</GameObject>
<GameObject>
<ObjectType>17</ObjectType>
<FBX>UnitCube.fbx</FBX>
<Tag>Wall</Tag>
<Texture>Black_Fill.dds</Texture>
<Transform>
<Position>
<PosX>-17.0735</PosX>
<PosY>1.19262e-018</PosY>
<PosZ>10.0139</PosZ>
</Position>
<Scale>
<ScaleX>41.6442</ScaleX>
<ScaleY>1</ScaleY>
<ScaleZ>8.90018</ScaleZ>
</Scale>
<Rotation>
<RotX>0.00397723</RotX>
<RotY>-0.0323711</RotY>
<RotZ>0.00134389</RotZ>
</Rotation>
</Transform>
<WPCount>0</WPCount>
</GameObject>
<GameObject>
<ObjectType>17</ObjectType>
<FBX>UnitCube.fbx</FBX>
<Tag>Wall</Tag>
<Texture>Black_Fill.dds</Texture>
<Transform>
<Position>
<PosX>-28.7318</PosX>
<PosY>0.55189</PosY>
<PosZ>4.90024</PosZ>
</Position>
<Scale>
<ScaleX>3.53959</ScaleX>
<ScaleY>1</ScaleY>
<ScaleZ>20.3074</ScaleZ>
</Scale>
<Rotation>
<RotX>0.039666</RotX>
<RotY>-2.34067</RotY>
<RotZ>-0.00433298</RotZ>
</Rotation>
</Transform>
<WPCount>0</WPCount>
</GameObject>
<GameObject>
<ObjectType>17</ObjectType>
<FBX>UnitCube.fbx</FBX>
<Tag>pCube40Shape</Tag>
<Texture>Black_Fill.dds</Texture>
<Transform>
<Position>
<PosX>15.2971</PosX>
<PosY>0.55189</PosY>
<PosZ>106.668</PosZ>
</Position>
<Scale>
<ScaleX>3.53959</ScaleX>
<ScaleY>1</ScaleY>
<ScaleZ>20.3074</ScaleZ>
</Scale>
<Rotation>
<RotX>0.039666</RotX>
<RotY>-2.34067</RotY>
<RotZ>-0.00433298</RotZ>
</Rotation>
</Transform>
<WPCount>0</WPCount>
</GameObject>
<GameObject>
<ObjectType>17</ObjectType>
<FBX>UnitCube.fbx</FBX>
<Tag>Wall</Tag>
<Texture>Black_Fill.dds</Texture>
<Transform>
<Position>
<PosX>52.1692</PosX>
<PosY>6.00648e-017</PosY>
<PosZ>113.671</PosZ>
</Position>
<Scale>
<ScaleX>81.5624</ScaleX>
<ScaleY>1</ScaleY>
<ScaleZ>12.1594</ScaleZ>
</Scale>
<Rotation>
<RotX>-0.0278064</RotX>
<RotY>0.00411865</RotY>
<RotZ>-0.0112684</RotZ>
</Rotation>
</Transform>
<WPCount>0</WPCount>
</GameObject>
<GameObject>
<ObjectType>17</ObjectType>
<FBX>UnitCube.fbx</FBX>
<Tag>Wall</Tag>
<Texture>Black_Fill.dds</Texture>
<Transform>
<Position>
<PosX>-36.8292</PosX>
<PosY>0</PosY>
<PosZ>-19.8674</PosZ>
</Position>
<Scale>
<ScaleX>11.6804</ScaleX>
<ScaleY>1</ScaleY>
<ScaleZ>67.7182</ScaleZ>
</Scale>
<Rotation>
<RotX>0</RotX>
<RotY>0</RotY>
<RotZ>0</RotZ>
</Rotation>
</Transform>
<WPCount>0</WPCount>
</GameObject>
<GameObject>
<ObjectType>17</ObjectType>
<FBX>UnitCube.fbx</FBX>
<Tag>Wall</Tag>
<Texture>Black_Fill.dds</Texture>
<Transform>
<Position>
<PosX>147.565</PosX>
<PosY>-5.20417e-018</PosY>
<PosZ>54.1384</PosZ>
</Position>
<Scale>
<ScaleX>88.0795</ScaleX>
<ScaleY>1</ScaleY>
<ScaleZ>8.90018</ScaleZ>
</Scale>
<Rotation>
<RotX>0.00397526</RotX>
<RotY>-0.00745425</RotY>
<RotZ>0.00144298</RotZ>
</Rotation>
</Transform>
<WPCount>0</WPCount>
</GameObject>
<GameObject>
<ObjectType>17</ObjectType>
<FBX>UnitCube.fbx</FBX>
<Tag>Wall</Tag>
<Texture>Black_Fill.dds</Texture>
<Transform>
<Position>
<PosX>98.6043</PosX>
<PosY>0</PosY>
<PosZ>63.9395</PosZ>
</Position>
<Scale>
<ScaleX>11.9062</ScaleX>
<ScaleY>1</ScaleY>
<ScaleZ>29.6991</ScaleZ>
</Scale>
<Rotation>
<RotX>-0.0242593</RotX>
<RotY>-0.696863</RotY>
<RotZ>-0.00810458</RotZ>
</Rotation>
</Transform>
<WPCount>0</WPCount>
</GameObject>
<GameObject>
<ObjectType>17</ObjectType>
<FBX>UnitCube.fbx</FBX>
<Tag>Wall</Tag>
<Texture>Black_Fill.dds</Texture>
<Transform>
<Position>
<PosX>68.0448</PosX>
<PosY>-6.13658e-017</PosY>
<PosZ>69.7959</PosZ>
</Position>
<Scale>
<ScaleX>50.6028</ScaleX>
<ScaleY>1</ScaleY>
<ScaleZ>18.1126</ScaleZ>
</Scale>
<Rotation>
<RotX>-0.0278086</RotX>
<RotY>-0.0131011</RotY>
<RotZ>-0.0107894</RotZ>
</Rotation>
</Transform>
<WPCount>0</WPCount>
</GameObject>
<GameObject>
<ObjectType>17</ObjectType>
<FBX>UnitCube.fbx</FBX>
<Tag>Wall</Tag>
<Texture>Black_Fill.dds</Texture>
<Transform>
<Position>
<PosX>73.1913</PosX>
<PosY>-2.58365e-016</PosY>
<PosZ>219.079</PosZ>
</Position>
<Scale>
<ScaleX>74.728</ScaleX>
<ScaleY>1</ScaleY>
<ScaleZ>12.3959</ScaleZ>
</Scale>
<Rotation>
<RotX>-0.0278064</RotX>
<RotY>0.00411865</RotY>
<RotZ>-0.0112684</RotZ>
</Rotation>
</Transform>
<WPCount>0</WPCount>
</GameObject>
<GameObject>
<ObjectType>17</ObjectType>
<FBX>UnitCube.fbx</FBX>
<Tag>Wall</Tag>
<Texture>Black_Fill.dds</Texture>
<Transform>
<Position>
<PosX>104.619</PosX>
<PosY>0</PosY>
<PosZ>177.955</PosZ>
</Position>
<Scale>
<ScaleX>11.6804</ScaleX>
<ScaleY>1</ScaleY>
<ScaleZ>73.131</ScaleZ>
</Scale>
<Rotation>
<RotX>0</RotX>
<RotY>0</RotY>
<RotZ>0</RotZ>
</Rotation>
</Transform>
<WPCount>0</WPCount>
</GameObject>
<GameObject>
<ObjectType>17</ObjectType>
<FBX>UnitCube.fbx</FBX>
<Tag>Wall</Tag>
<Texture>Black_Fill.dds</Texture>
<Transform>
<Position>
<PosX>140.538</PosX>
<PosY>0</PosY>
<PosZ>226.516</PosZ>
</Position>
<Scale>
<ScaleX>11.6804</ScaleX>
<ScaleY>1</ScaleY>
<ScaleZ>169.563</ScaleZ>
</Scale>
<Rotation>
<RotX>0</RotX>
<RotY>0</RotY>
<RotZ>0</RotZ>
</Rotation>
</Transform>
<WPCount>0</WPCount>
</GameObject>
<GameObject>
<ObjectType>17</ObjectType>
<FBX>UnitCube.fbx</FBX>
<Tag>Wall</Tag>
<Texture>Black_Fill.dds</Texture>
<Transform>
<Position>
<PosX>104.405</PosX>
<PosY>-3.5551e-016</PosY>
<PosZ>322.149</PosZ>
</Position>
<Scale>
<ScaleX>49.5637</ScaleX>
<ScaleY>1</ScaleY>
<ScaleZ>11.8039</ScaleZ>
</Scale>
<Rotation>
<RotX>-0.0278064</RotX>
<RotY>0.00411865</RotY>
<RotZ>-0.0112684</RotZ>
</Rotation>
</Transform>
<WPCount>0</WPCount>
</GameObject>
<GameObject>
<ObjectType>17</ObjectType>
<FBX>UnitCube.fbx</FBX>
<Tag>Wall</Tag>
<Texture>Black_Fill.dds</Texture>
<Transform>
<Position>
<PosX>84.592</PosX>
<PosY>0</PosY>
<PosZ>358.547</PosZ>
</Position>
<Scale>
<ScaleX>9.70682</ScaleX>
<ScaleY>1</ScaleY>
<ScaleZ>78.8423</ScaleZ>
</Scale>
<Rotation>
<RotX>0</RotX>
<RotY>0</RotY>
<RotZ>0</RotZ>
</Rotation>
</Transform>
<WPCount>0</WPCount>
</GameObject>
<GameObject>
<ObjectType>17</ObjectType>
<FBX>UnitCube.fbx</FBX>
<Tag>Wall</Tag>
<Texture>Black_Fill.dds</Texture>
<Transform>
<Position>
<PosX>20.8472</PosX>
<PosY>0</PosY>
<PosZ>277.04</PosZ>
</Position>
<Scale>
<ScaleX>9.60562</ScaleX>
<ScaleY>1</ScaleY>
<ScaleZ>79.8607</ScaleZ>
</Scale>
<Rotation>
<RotX>0</RotX>
<RotY>0</RotY>
<RotZ>0</RotZ>
</Rotation>
</Transform>
<WPCount>0</WPCount>
</GameObject>
<GameObject>
<ObjectType>17</ObjectType>
<FBX>UnitCube.fbx</FBX>
<Tag>Wall</Tag>
<Texture>Black_Fill.dds</Texture>
<Transform>
<Position>
<PosX>-41.9955</PosX>
<PosY>0</PosY>
<PosZ>360.356</PosZ>
</Position>
<Scale>
<ScaleX>13.0461</ScaleX>
<ScaleY>1</ScaleY>
<ScaleZ>69.834</ScaleZ>
</Scale>
<Rotation>
<RotX>0</RotX>
<RotY>0</RotY>
<RotZ>0</RotZ>
</Rotation>
</Transform>
<WPCount>0</WPCount>
</GameObject>
<GameObject>
<ObjectType>17</ObjectType>
<FBX>UnitCube.fbx</FBX>
<Tag>Wall</Tag>
<Texture>Black_Fill.dds</Texture>
<Transform>
<Position>
<PosX>21.8915</PosX>
<PosY>-1.20455e-016</PosY>
<PosZ>406.767</PosZ>
</Position>
<Scale>
<ScaleX>104.416</ScaleX>
<ScaleY>1</ScaleY>
<ScaleZ>10.0683</ScaleZ>
</Scale>
<Rotation>
<RotX>-0.0278064</RotX>
<RotY>0.00411865</RotY>
<RotZ>-0.0112684</RotZ>
</Rotation>
</Transform>
<WPCount>0</WPCount>
</GameObject>
<GameObject>
<ObjectType>17</ObjectType>
<FBX>UnitCube.fbx</FBX>
<Tag>Wall</Tag>
<Texture>Black_Fill.dds</Texture>
<Transform>
<Position>
<PosX>196.285</PosX>
<PosY>0</PosY>
<PosZ>83.9533</PosZ>
</Position>
<Scale>
<ScaleX>7.26795</ScaleX>
<ScaleY>1</ScaleY>
<ScaleZ>42.4358</ScaleZ>
</Scale>
<Rotation>
<RotX>0</RotX>
<RotY>0</RotY>
<RotZ>0</RotZ>
</Rotation>
</Transform>
<WPCount>0</WPCount>
</GameObject>
<GameObject>
<ObjectType>17</ObjectType>
<FBX>UnitCube.fbx</FBX>
<Tag>Wall</Tag>
<Texture>Black_Fill.dds</Texture>
<Transform>
<Position>
<PosX>184.68</PosX>
<PosY>-1.32815e-017</PosY>
<PosZ>146.019</PosZ>
</Position>
<Scale>
<ScaleX>81.5505</ScaleX>
<ScaleY>1</ScaleY>
<ScaleZ>8.08113</ScaleZ>
</Scale>
<Rotation>
<RotX>0.00397526</RotX>
<RotY>-0.00745425</RotY>
<RotZ>0.00144298</RotZ>
</Rotation>
</Transform>
<WPCount>0</WPCount>
</GameObject>
<GameObject>
<ObjectType>17</ObjectType>
<FBX>UnitCube.fbx</FBX>
<Tag>Wall</Tag>
<Texture>Black_Fill.dds</Texture>
<Transform>
<Position>
<PosX>230.94</PosX>
<PosY>0</PosY>
<PosZ>123.814</PosZ>
</Position>
<Scale>
<ScaleX>7.26795</ScaleX>
<ScaleY>1</ScaleY>
<ScaleZ>35.099</ScaleZ>
</Scale>
<Rotation>
<RotX>0</RotX>
<RotY>0</RotY>
<RotZ>0</RotZ>
</Rotation>
</Transform>
<WPCount>0</WPCount>
</GameObject>
<GameObject>
<ObjectType>17</ObjectType>
<FBX>UnitCube.fbx</FBX>
<Tag>Wall</Tag>
<Texture>Black_Fill.dds</Texture>
<Transform>
<Position>
<PosX>212.413</PosX>
<PosY>-4.16334e-017</PosY>
<PosZ>100.963</PosZ>
</Position>
<Scale>
<ScaleX>28.5745</ScaleX>
<ScaleY>1</ScaleY>
<ScaleZ>9.4109</ScaleZ>
</Scale>
<Rotation>
<RotX>-0.0278064</RotX>
<RotY>0.00411865</RotY>
<RotZ>-0.0112684</RotZ>
</Rotation>
</Transform>
<WPCount>0</WPCount>
</GameObject>
<GameObject>
<ObjectType>17</ObjectType>
<FBX>UnitCube.fbx</FBX>
<Tag>Wall</Tag>
<Texture>Black_Fill.dds</Texture>
<Transform>
<Position>
<PosX>-7.62444</PosX>
<PosY>-1.8876e-016</PosY>
<PosZ>310.696</PosZ>
</Position>
<Scale>
<ScaleX>47.163</ScaleX>
<ScaleY>1</ScaleY>
<ScaleZ>12.3959</ScaleZ>
</Scale>
<Rotation>
<RotX>-0.0278064</RotX>
<RotY>0.00411865</RotY>
<RotZ>-0.0112684</RotZ>
</Rotation>
</Transform>
<WPCount>0</WPCount>
</GameObject>
<GameObject>
<ObjectType>17</ObjectType>
<FBX>UnitCube.fbx</FBX>
<Tag>Wall</Tag>
<Texture>Black_Fill.dds</Texture>
<Transform>
<Position>
<PosX>30.5219</PosX>
<PosY>-0.0871337</PosY>
<PosZ>230.251</PosZ>
</Position>
<Scale>
<ScaleX>11.9062</ScaleX>
<ScaleY>1</ScaleY>
<ScaleZ>30.5846</ScaleZ>
</Scale>
<Rotation>
<RotX>-0.0242388</RotX>
<RotY>-0.695851</RotY>
<RotZ>-0.00813659</RotZ>
</Rotation>
</Transform>
<WPCount>0</WPCount>
</GameObject>
<GameObject>
<ObjectType>17</ObjectType>
<FBX>UnitCube.fbx</FBX>
<Tag>Wall</Tag>
<Texture>Black_Fill.dds</Texture>
<Transform>
<Position>
<PosX>-35.3642</PosX>
<PosY>-4.44089e-016</PosY>
<PosZ>318.869</PosZ>
</Position>
<Scale>
<ScaleX>11.9062</ScaleX>
<ScaleY>1</ScaleY>
<ScaleZ>27.1683</ScaleZ>
</Scale>
<Rotation>
<RotX>-0.0242388</RotX>
<RotY>-0.695851</RotY>
<RotZ>-0.00813659</RotZ>
</Rotation>
</Transform>
<WPCount>0</WPCount>
</GameObject>
<GameObject>
<ObjectType>17</ObjectType>
<FBX>UnitCube.fbx</FBX>
<Tag>Wall</Tag>
<Texture>Black_Fill.dds</Texture>
<Transform>
<Position>
<PosX>96.4044</PosX>
<PosY>7.13405e-017</PosY>
<PosZ>127.77</PosZ>
</Position>
<Scale>
<ScaleX>11.9062</ScaleX>
<ScaleY>1</ScaleY>
<ScaleZ>37.7608</ScaleZ>
</Scale>
<Rotation>
<RotX>-0.0210707</RotX>
<RotY>0.488821</RotY>
<RotZ>-0.033572</RotZ>
</Rotation>
</Transform>
<WPCount>0</WPCount>
</GameObject>
<GameObject>
<ObjectType>17</ObjectType>
<FBX>UnitCube.fbx</FBX>
<Tag>Wall</Tag>
<Texture>Black_Fill.dds</Texture>
<Transform>
<Position>
<PosX>134.232</PosX>
<PosY>-8.32667e-017</PosY>
<PosZ>316.23</PosZ>
</Position>
<Scale>
<ScaleX>10.0899</ScaleX>
<ScaleY>1</ScaleY>
<ScaleZ>23.3016</ScaleZ>
</Scale>
<Rotation>
<RotX>-0.0268403</RotX>
<RotY>-0.80497</RotY>
<RotZ>-0.00432742</RotZ>
</Rotation>
</Transform>
<WPCount>0</WPCount>
</GameObject>
<GameObject>
<ObjectType>17</ObjectType>
<FBX>UnitCube.fbx</FBX>
<Tag>Wall</Tag>
<Texture>Black_Fill.dds</Texture>
<Transform>
<Position>
<PosX>78.182</PosX>
<PosY>-4.23273e-016</PosY>
<PosZ>401.241</PosZ>
</Position>
<Scale>
<ScaleX>10.4034</ScaleX>
<ScaleY>1</ScaleY>
<ScaleZ>20.879</ScaleZ>
</Scale>
<Rotation>
<RotX>-0.0280557</RotX>
<RotY>-0.845826</RotY>
<RotZ>-0.00267375</RotZ>
</Rotation>
</Transform>
<WPCount>0</WPCount>
</GameObject>
<GameObject>
<ObjectType>17</ObjectType>
<FBX>UnitCube.fbx</FBX>
<Tag>Wall</Tag>
<Texture>Black_Fill.dds</Texture>
<Transform>
<Position>
<PosX>-35.4295</PosX>
<PosY>-6.64399e-016</PosY>
<PosZ>399.284</PosZ>
</Position>
<Scale>
<ScaleX>11.9062</ScaleX>
<ScaleY>1</ScaleY>
<ScaleZ>24.7139</ScaleZ>
</Scale>
<Rotation>
<RotX>-0.0276631</RotX>
<RotY>0.833186</RotY>
<RotZ>-0.0441516</RotZ>
</Rotation>
</Transform>
<WPCount>0</WPCount>
</GameObject>
<GameObject>
<ObjectType>17</ObjectType>
<FBX>UnitCube.fbx</FBX>
<Tag>Wall</Tag>
<Texture>Black_Fill.dds</Texture>
<Transform>
<Position>
<PosX>192.45</PosX>
<PosY>7.50268e-017</PosY>
<PosZ>58.9085</PosZ>
</Position>
<Scale>
<ScaleX>8.01709</ScaleX>
<ScaleY>1</ScaleY>
<ScaleZ>15.7105</ScaleZ>
</Scale>
<Rotation>
<RotX>-0.0222564</RotX>
<RotY>0.581105</RotY>
<RotZ>-0.0358954</RotZ>
</Rotation>
</Transform>
<WPCount>0</WPCount>
</GameObject>
<GameObject>
<ObjectType>17</ObjectType>
<FBX>UnitCube.fbx</FBX>
<Tag>Wall</Tag>
<Texture>Black_Fill.dds</Texture>
<Transform>
<Position>
<PosX>227.804</PosX>
<PosY>6.93889e-017</PosY>
<PosZ>107.107</PosZ>
</Position>
<Scale>
<ScaleX>5.46733</ScaleX>
<ScaleY>1</ScaleY>
<ScaleZ>12.4709</ScaleZ>
</Scale>
<Rotation>
<RotX>-0.0232504</RotX>
<RotY>0.643288</RotY>
<RotZ>-0.0376243</RotZ>
</Rotation>
</Transform>
<WPCount>0</WPCount>
</GameObject>
<GameObject>
<ObjectType>17</ObjectType>
<FBX>UnitCube.fbx</FBX>
<Tag>Wall</Tag>
<Texture>Black_Fill.dds</Texture>
<Transform>
<Position>
<PosX>228.649</PosX>
<PosY>1.09288e-016</PosY>
<PosZ>102.767</PosZ>
</Position>
<Scale>
<ScaleX>5.46733</ScaleX>
<ScaleY>1</ScaleY>
<ScaleZ>12.4709</ScaleZ>
</Scale>
<Rotation>
<RotX>-0.0232504</RotX>
<RotY>0.643288</RotY>
<RotZ>-0.0376243</RotZ>
</Rotation>
</Transform>
<WPCount>0</WPCount>
</GameObject>
<GameObject>
<ObjectType>17</ObjectType>
<FBX>UnitCube.fbx</FBX>
<Tag>Wall</Tag>
<Texture>Black_Fill.dds</Texture>
<Transform>
<Position>
<PosX>227.555</PosX>
<PosY>3.68629e-017</PosY>
<PosZ>143.357</PosZ>
</Position>
<Scale>
<ScaleX>7.3094</ScaleX>
<ScaleY>1</ScaleY>
<ScaleZ>12.4709</ScaleZ>
</Scale>
<Rotation>
<RotX>-0.0530002</RotX>
<RotY>-0.774952</RotY>
<RotZ>-0.0111891</RotZ>
</Rotation>
</Transform>
<WPCount>0</WPCount>
</GameObject>
<GameObject>
<ObjectType>7</ObjectType>
<FBX>Spider.fbx</FBX>
<Tag>Spider</Tag>
<Texture>Spider.dds</Texture>
<Transform>
<Position>
<PosX>34.459</PosX>
<PosY>0</PosY>
<PosZ>394.28</PosZ>
</Position>
<Scale>
<ScaleX>1</ScaleX>
<ScaleY>1</ScaleY>
<ScaleZ>1</ScaleZ>
</Scale>
<Rotation>
<RotX>0</RotX>
<RotY>0</RotY>
<RotZ>0</RotZ>
</Rotation>
</Transform>
<WPCount>3</WPCount>
<WayPoint1> 
<PosX>65.995</PosX> 
<PosY>0</PosY> 
<PosZ>385.231</PosZ> 
</WayPoint1> 
<WayPoint2> 
<PosX>71.124</PosX> 
<PosY>0</PosY> 
<PosZ>338.495</PosZ> 
</WayPoint2> 
<WayPoint3> 
<PosX>34.459</PosX> 
<PosY>0</PosY> 
<PosZ>394.28</PosZ> 
</WayPoint3> 
</GameObject>
<GameObject>
<ObjectType>10</ObjectType>
<FBX>MiningNodeRuby.fbx</FBX>
<Tag>pCube69Shape</Tag>
<Texture>RubyNodeTexture.dds</Texture>
<Transform>
<Position>
<PosX>33.6861</PosX>
<PosY>0</PosY>
<PosZ>274.72</PosZ>
</Position>
<Scale>
<ScaleX>1</ScaleX>
<ScaleY>1</ScaleY>
<ScaleZ>1</ScaleZ>
</Scale>
<Rotation>
<RotX>0</RotX>
<RotY>0</RotY>
<RotZ>0</RotZ>
</Rotation>
</Transform>
<WPCount>0</WPCount>
</GameObject>
<GameObject>
<ObjectType>11</ObjectType>
<FBX>MiningNodeSapphire.fbx</FBX>
<Tag>SapphireNode</Tag>
<Texture>SapphireGemTexture.dds</Texture>
<Transform>
<Position>
<PosX>24.0368</PosX>
<PosY>0</PosY>
<PosZ>102.396</PosZ>
</Position>
<Scale>
<ScaleX>1</ScaleX>
<ScaleY>1</ScaleY>
<ScaleZ>1</ScaleZ>
</Scale>
<Rotation>
<RotX>0</RotX>
<RotY>0</RotY>
<RotZ>0</RotZ>
</Rotation>
</Transform>
<WPCount>0</WPCount>
</GameObject>
<GameObject>
<ObjectType>10</ObjectType>
<FBX>MiningNodeRuby.fbx</FBX>
<Tag>pCube71Shape</Tag>
<Texture>RubyNodeTexture.dds</Texture>
<Transform>
<Position>
<PosX>24.7538</PosX>
<PosY>0</PosY>
<PosZ>-37.604</PosZ>
</Position>
<Scale>
<ScaleX>1</ScaleX>
<ScaleY>1</ScaleY>
<ScaleZ>1</ScaleZ>
</Scale>
<Rotation>
<RotX>0</RotX>
<RotY>0</RotY>
<RotZ>0</RotZ>
</Rotation>
</Transform>
<WPCount>0</WPCount>
</GameObject>
<GameObject>
<ObjectType>17</ObjectType>
<FBX>UnitCube.fbx</FBX>
<Tag>Wall</Tag>
<Texture>Black_Fill.dds</Texture>
<Transform>
<Position>
<PosX>73.4972</PosX>
<PosY>-3.7264e-016</PosY>
<PosZ>322.149</PosZ>
</Position>
<Scale>
<ScaleX>49.5637</ScaleX>
<ScaleY>1</ScaleY>
<ScaleZ>11.8039</ScaleZ>
</Scale>
<Rotation>
<RotX>-0.0278064</RotX>
<RotY>0.00411865</RotY>
<RotZ>-0.0112684</RotZ>
</Rotation>
</Transform>
<WPCount>0</WPCount>
</GameObject>
<GameObject>
<ObjectType>17</ObjectType>
<FBX>UnitCube.fbx</FBX>
<Tag>Wall</Tag>
<Texture>Black_Fill.dds</Texture>
<Transform>
<Position>
<PosX>20.8472</PosX>
<PosY>0</PosY>
<PosZ>332.479</PosZ>
</Position>
<Scale>
<ScaleX>9.60562</ScaleX>
<ScaleY>1</ScaleY>
<ScaleZ>79.8607</ScaleZ>
</Scale>
<Rotation>
<RotX>0</RotX>
<RotY>0</RotY>
<RotZ>0</RotZ>
</Rotation>
</Transform>
<WPCount>0</WPCount>
</GameObject>
<GameObject>
<ObjectType>16</ObjectType>
<FBX>LevelFloor.fbx</FBX>
<Tag>LevelOBJ:pPlane1Shape</Tag>
<Texture>TestLevelText.dds</Texture>
<Transform>
<Position>
<PosX>0</PosX>
<PosY>0</PosY>
<PosZ>0</PosZ>
</Position>
<Scale>
<ScaleX>1</ScaleX>
<ScaleY>1</ScaleY>
<ScaleZ>1</ScaleZ>
</Scale>
<Rotation>
<RotX>0</RotX>
<RotY>0</RotY>
<RotZ>0</RotZ>
</Rotation>
</Transform>
<WPCount>0</WPCount>
</GameObject>
</Level>