<?xml version="1.0"?>
<Emitter>
  <EmitterAttributes>
    <Texture  v="2D_Particle_Flash.dds"/>
    <SpriteSheetRC x ="1.0" y="1.0" />
    <SpawnRate v="15.0"/>
    <PositionOffset   x="0.0" y="1.0" z="0.0"/>
    <PositionVariance v="5.0"/>
    <StartAngleAverage v="0.0"/>
    <StartAngleVariance v="3.14159"/>
    <VelocityAverage  x="0.0" y="30.0" z="0.0"/>
    <SpeedVariance v="0.05"/>
    <AngularSpeedAverage v="2.0"/>
    <AngularSpeedVariance v="0.0"/>
    <Gravity x="10.0" y="-10.0" z="5.0"/>
    <LifeTime v="1.0"/>
  </EmitterAttributes>
  <Pivots amount ="2">
    <Pivot>
      <Color   r="0.3" g="0.3" b="1.0" a= "1.0"/>
      <Scale   x="4.0" y="4.0"/>
    </Pivot>
    <Pivot>
      <Color   r="0.3" g="0.3" b="1.0" a="0.0"/>
      <Scale   x="2.0" y="2.0"/>
    </Pivot>
  </Pivots>
</Emitter>
