<?xml version="1.0"?>
<Emitter>
  <EmitterAttributes>
    <Texture  v="2D_Particle_Cloud.dds"/>
    <SpriteSheetRC x ="1.0" y="1.0" />
    <SpawnRate v="3.0"/>
    <PositionOffset   x="0.0" y="0.5" z="0.0"/>
    <PositionVariance v="2.0"/>
    <StartAngleAverage v="0.5"/>
    <StartAngleVariance v="0.25"/>
    <VelocityAverage  x="0.0" y="0.0" z="0.0"/>
    <SpeedVariance v="4.0"/>
    <AngularSpeedAverage v="2.0"/>
    <AngularSpeedVariance v="1.0"/>
    <Gravity x="0.0" y="0.0" z="0.0"/>
    <LifeTime v="1.0"/>
  </EmitterAttributes>
  <Pivots amount ="2">
    <Pivot>
      <Color    r="0.7" g="0.7" b="0.7" a="0.5"/>
      <Scale   x="4.0" y="4.0"/>
    </Pivot>
    <Pivot>
      <Color   r="0.7" g="0.7" b="0.7" a="0.0"/> 
      <Scale   x="7.0" y="7.0"/>
    </Pivot>
  </Pivots>
</Emitter>s