<?xml version="1.0"?>
<Emitter>
  <EmitterAttributes>
    <Texture  v="2D_Particle_Star.dds"/>
    <SpriteSheetRC x ="1.0" y="1.0" />
    <SpawnRate v="4.0"/>
    <PositionOffset   x="0.0" y="1.25" z="0.0"/>
    <PositionVariance v="1.25"/>
    <StartAngleAverage v="0.0"/>
    <StartAngleVariance v="0.0"/>
    <VelocityAverage  x="0.0" y="10.0" z="0.0"/>
    <SpeedVariance v="0.05"/>
    <AngularSpeedAverage v="0.0"/>
    <AngularSpeedVariance v="0.0"/>
    <Gravity x="0.0" y="0.0" z="0.0"/>
    <LifeTime v="1.25"/>
  </EmitterAttributes>
  <Pivots amount ="2">
    <Pivot>
      <Color   r="1.0" g="1.0" b="1.0" a="1.0"/>
      <Scale   x="1.0" y="1.0"/>
    </Pivot>
    <Pivot>
      <Color   r="1.0" g="1.0" b="1.0" a="0.0"/>
      <Scale   x="1.0" y="1.0"/>
    </Pivot>
  </Pivots>
</Emitter>
