<?xml version="1.0"?>
<Emitter>
  <EmitterAttributes>
    <Texture  v="2D_Particle_Star.dds"/>
    <SpriteSheetRC x ="1.0" y="1.0" />
    <SpawnRate v="4.0"/>
    <PositionOffset   x="-0.3" y="3.5" z="0.2"/>
    <PositionVariance v="1.75"/>
    <StartAngleAverage v="4.0"/>
    <StartAngleVariance v="2.0"/>
    <VelocityAverage  x="0.0" y="10.0" z="0.0"/>
    <SpeedVariance v="0.05"/>
    <AngularSpeedAverage v="4.0"/>
    <AngularSpeedVariance v="2.0"/>
    <Gravity x="0.0" y="0.0" z="0.0"/>
    <LifeTime v="1.25"/>
  </EmitterAttributes>
  <Pivots amount ="2">
    <Pivot>
      <Color   r="1.0" g="0.3" b="0.3" a= "1.0"/>
      <Scale   x="1.0" y="1.0"/>
    </Pivot>
    <Pivot>
      <Color   r="1.0" g="0.3" b="0.3" a="0.0"/>
      <Scale   x="1.0" y="1.0"/>
    </Pivot>
  </Pivots>
</Emitter>
