<?xml version="1.0"?>
<Emitter>
  <EmitterAttributes>
    <Texture  v="2D_Particle_Cloud.dds"/>
    <SpriteSheetRC x ="1.0" y="1.0" />
    <SpawnRate v="0.0"/>
    <PositionOffset   x="0.0" y="1.0" z="0.0"/>
    <PositionVariance v="0.0"/>
    <StartAngleAverage v="0.0"/>
    <StartAngleVariance v="0.0"/>
    <VelocityAverage  x="0.0" y="0.0" z="0.0"/>
    <SpeedVariance v="0.05"/>
    <AngularSpeedAverage v="0.0"/>
    <AngularSpeedVariance v="0.8"/>
    <Gravity x="0.0" y="0.0" z="0.0"/>
    <LifeTime v="1.5"/>
  </EmitterAttributes>
  <Pivots amount ="2">
    <Pivot>
      <Color   r="0.6" g="0.6" b="0.6" a="0.25"/>
      <Scale   x="5.0" y="5.0"/>
    </Pivot>
    <Pivot>
      <Color   r="0.3" g="0.3" b="0.3" a="0.0"/>
      <Scale   x="1.5" y="1.5"/>
    </Pivot>
  </Pivots>
</Emitter>
