<?xml version="1.0"?>
<Emitter>
  <EmitterAttributes>
    <Texture  v="TestArrow2.dds"/>
    <SpriteSheetRC x ="1.0" y="1.0" />
    <SpawnRate v="2.0"/>
    <PositionOffset   x="0.0" y="2.5" z="0.0"/>
    <PositionVariance v="0.0"/>
    <StartAngleAverage v="0.0"/>
    <StartAngleVariance v="0.0"/>
    <VelocityAverage  x="0.0" y="0.0" z="0.0"/>
    <SpeedVariance v="0.0"/>
    <AngularSpeedAverage v="0.0"/>
    <AngularSpeedVariance v="0.0"/>
    <Gravity x="0.0" y="0.0" z="0.0"/>
    <LifeTime v="1.5"/>
  </EmitterAttributes>
  <Pivots amount ="2">
    <Pivot>
      <Color   r="0.3" g="0.3" b="0.3" a="1.0"/>
      <Scale   x="2.0" y="2.0"/>
    </Pivot>
    <Pivot>
      <Color   r="0.3" g="0.3" b="0.3" a="1.0"/>
      <Scale   x="2.0" y="2.0"/>
    </Pivot>
  </Pivots>
</Emitter>
