<?xml version="1.0"?>
<Emitter>
  <EmitterAttributes>
    <Texture  v="2D_Particle_Flash.dds"/>
    <SpriteSheetRC x ="1.0" y="1.0" />
    <SpawnRate v="50.0"/>
    <PositionOffset   x="0.0" y="1.0" z="0.0"/>
    <PositionVariance v="2.0"/>
    <StartAngleAverage v="0.0"/>
    <StartAngleVariance v="0.0"/>
    <VelocityAverage  x="0.0" y="30.0" z="0.0"/>
    <SpeedVariance v="5.0"/>
    <AngularSpeedAverage v="0.0"/>
    <AngularSpeedVariance v="3.14159"/>
    <Gravity x="0.0" y="-10.0" z="0.0"/>
    <LifeTime v="0.5"/>
  </EmitterAttributes>
  <Pivots amount ="2">
    <Pivot>
      <Color   r="1.0" g="1.0" b="0.3" a="1.0"/>
      <Scale   x="4.0" y="4.0"/>
    </Pivot>
    <Pivot>
      <Color   r="1.0" g="1.0" b="1.0" a="0.2"/>
      <Scale   x="2.0" y="2.0"/>
    </Pivot>
  </Pivots>
</Emitter>
