<?xml version="1.0"?>
<Emitter>
  <EmitterAttributes>
    <Texture  v="2D_Particle_Cloud.dds"/>
    <SpriteSheetRC x ="1.0" y="1.0" />
    <SpawnRate v="60.0"/>
    <PositionOffset   x="0.0" y="-4.0" z="0.0"/>
    <PositionVariance v="8.0"/>
    <StartAngleAverage v="0.0"/>
    <StartAngleVariance v="0.0"/>
    <VelocityAverage  x="1.5" y="3.0" z="1.5"/>
    <SpeedVariance v="0.4"/>
    <AngularSpeedAverage v="0.0"/>
    <AngularSpeedVariance v="0.0"/>
    <Gravity x="0.0" y="-2.0" z="0.0"/>
    <LifeTime v="1.5"/>
  </EmitterAttributes>
  <Pivots amount ="2">
    <Pivot>
      <Color   r="0.6" g="0.6" b="0.6" a="0.5"/>
      <Scale   x="2.0" y="2.0"/>
    </Pivot>
    <Pivot>
      <Color   r="0.8" g="0.8" b="0.8" a="0.0"/>
      <Scale   x="4.0" y="4.0"/>
    </Pivot>
  </Pivots>
</Emitter>
