<?xml version="1.0"?>
<Emitter>
  <EmitterAttributes>
    <Texture  v="2D_Particle_Cloud.dds"/>
    <SpriteSheetRC x ="1.0" y="1.0" />
    <SpawnRate v="30.0"/>
    <PositionOffset   x="0.0" y="1.0" z="0.0"/>
    <PositionVariance v="10.0"/>
    <StartAngleAverage v="0.0"/>
    <StartAngleVariance v="0.0"/>
    <VelocityAverage  x="0.0" y="10.0" z="0.0"/>
    <SpeedVariance v="0.5"/>
    <AngularSpeedAverage v="0.0"/>
    <AngularSpeedVariance v="0.0"/>
    <Gravity x="0.0" y="-10.0" z="0.0"/>
    <LifeTime v="1.5"/>
  </EmitterAttributes>
  <Pivots amount ="2">
    <Pivot>
      <Color   r="0.6" g="0.6" b="0.6" a="0.3"/>
      <Scale   x="6.0" y="6.0"/>
    </Pivot>
    <Pivot>
      <Color   r="0.8" g="0.8" b="0.8" a="0.0"/>
      <Scale   x="3.0" y="3.0"/>
    </Pivot>
  </Pivots>
</Emitter>
