<?xml version="1.0"?>
<Emitter>
  <EmitterAttributes>
    <Texture  v="A_Rock.dds"/>
    <SpriteSheetRC x ="1.0" y="1.0" />
    <SpawnRate v="0.0"/>
    <PositionOffset   x="0.0" y="50.0" z="0.0"/>
    <PositionVariance v="30.0"/>
    <StartAngleAverage v="0.0"/>
    <StartAngleVariance v="0.0"/>
    <VelocityAverage  x="0.0" y="-20.0" z="0.0"/>
    <SpeedVariance v="0.0"/>
    <AngularSpeedAverage v="0.0"/>
    <AngularSpeedVariance v="3.14259"/>
    <Gravity x="0.0" y="-10.0" z="0.0"/>
    <LifeTime v="8.0"/>
  </EmitterAttributes>
  <Pivots amount ="2">
    <Pivot>
      <Color   r="0.4117647" g="0.30196" b="0.223529" a="1.0"/>
      <Scale   x="3.0" y="3.0"/>
    </Pivot>
    <Pivot>
      <Color   r="0.4117647" g="0.30196" b="0.223529" a="1.0"/>
      <Scale   x="3.0" y="3.0"/>
    </Pivot>
  </Pivots>
</Emitter>