<?xml version="1.0"?>
<Emitter>
  <EmitterAttributes>
    <Texture  v="Lightning2.dds"/>
    <SpriteSheetRC x ="1.0" y="1.0" />
    <SpawnRate v="30.0"/>
    <PositionOffset   x="0.0" y="2.5" z="0.0"/>
    <PositionVariance v="20.00"/>
    <StartAngleAverage v="0.0"/>
    <StartAngleVariance v="0.0"/>
    <VelocityAverage  x="0.0" y="0.0" z="0.0"/>
    <SpeedVariance v="0.10"/>
    <AngularSpeedAverage v="0.0"/>
    <AngularSpeedVariance v="0.0"/>
    <Gravity x="0.0" y="0.0" z="0.0"/>
    <LifeTime v="0.15"/>
  </EmitterAttributes>
  <Pivots amount ="2">
    <Pivot>
      <Color   r="0.1" g="0.35" b="0.9" a="0.8"/>
      <Scale   x="2.5" y="9.0"/>
    </Pivot>
    <Pivot>
      <Color   r="0.1" g="0.15" b="0.5" a="0.0"/>
      <Scale   x="3.5" y="11.0"/>
    </Pivot>
  </Pivots>
</Emitter>
