<?xml version="1.0"?>
<Emitter>
  <EmitterAttributes>
    <Texture  v="Spark_Sprite.dds"/>
    <SpriteSheetRC x ="4.0" y="4.0" />
    <SpawnRate v="180.0"/>
    <PositionOffset   x="0.0" y="4.0" z="0.0"/>
    <PositionVariance v="2.5"/>
    <StartAngleAverage v="4.0"/>
    <StartAngleVariance v="2.0"/>
    <VelocityAverage  x="0.0" y="8.0" z="2.0"/>
    <SpeedVariance v="10.0"/>
    <AngularSpeedAverage v="4.0"/>
    <AngularSpeedVariance v="2.0"/>
    <Gravity x="0.0" y="0.0" z="0.0"/>
    <LifeTime v="1.25"/>
  </EmitterAttributes>
  <Pivots amount ="2">
    <Pivot>
      <Color    r="0.1" g="0.25" b="0.9" a="1.0"/>
      <Scale   x="0.25" y="0.25"/>
    </Pivot>
    <Pivot>
      <Color   r="0.9" g="0.9" b="0.9" a="0.0"/> 
      <Scale   x="1.25" y="1.25"/>
    </Pivot>
  </Pivots>
</Emitter>s