<?xml version="1.0"?>
<Emitter>
  <EmitterAttributes>
    <Texture  v="2D_Particle_Cloud.dds"/>
    <SpriteSheetRC x ="1.0" y="1.0" />
    <SpawnRate v="125.0"/>
    <PositionOffset   x="0.0" y="1.0" z="0.0"/>
    <PositionVariance v="3.0"/>
    <StartAngleAverage v="0.0"/>
    <StartAngleVariance v="0.0"/>
    <VelocityAverage  x="0.0" y="20" z="0.0"/>
    <SpeedVariance v="0.05"/>
    <AngularSpeedAverage v="3.14159"/>
    <AngularSpeedVariance v="0.0"/>
    <Gravity x="0.0" y="-10.0" z="0.0"/>
    <LifeTime v="0.5"/>
  </EmitterAttributes>
  <Pivots amount ="2">
    <Pivot>
      <Color   r="1.0" g="1.0" b="0.3" a="0.2"/>
      <Scale   x="1.5" y="1.5"/>
    </Pivot>
    <Pivot>
      <Color   r="1.0" g="1.0" b="0.3" a="0.2"/>
      <Scale   x="0.5" y="0.5"/>
    </Pivot>
  </Pivots>
</Emitter>
