<?xml version="1.0"?>
<Emitter>
  <EmitterAttributes>
    <Texture  v="Node_Pieces_4.dds"/>
    <SpriteSheetRC x ="1.0" y="1.0" />
    <SpawnRate v="1.0"/>
    <PositionOffset   x="0.0" y="4.0" z="0.0"/>
    <PositionVariance v="3.0"/>
    <StartAngleAverage v="0.0"/>
    <StartAngleVariance v="0.0"/>
    <VelocityAverage  x="4.5" y="5.0" z="4.5"/>
    <SpeedVariance v="0.5"/>
    <AngularSpeedAverage v="3.14159"/>
    <AngularSpeedVariance v="0.0"/>
    <Gravity x="0.0" y="-20.0" z="0.0"/>
    <LifeTime v="1.5"/>
  </EmitterAttributes>
  <Pivots amount ="2">
    <Pivot>
      <Color   r="0.0" g="0.55" b="0.9" a="0.8"/>
      <Scale   x="1.25" y="1.25"/>
    </Pivot>
    <Pivot>
      <Color  r="0.0" g="0.55" b="0.9" a="0.2"/>
      <Scale   x="1.25" y="1.25"/>
    </Pivot>
  </Pivots>
</Emitter>
