<?xml version="1.0"?>
<Emitter>
  <EmitterAttributes>
    <Texture  v="dot.dds"/>
    <SpriteSheetRC x ="1.0" y="1.0" />
    <SpawnRate v="10.0"/>
    <PositionOffset   x="0.0" y="1.25" z="0.0"/>
    <PositionVariance v="3.0"/>
    <StartAngleAverage v="0.0"/>
    <StartAngleVariance v="0.0"/>
    <VelocityAverage  x="0.0" y="10.0" z="0.0"/>
    <SpeedVariance v="0.05"/>
    <AngularSpeedAverage v="2.0"/>
    <AngularSpeedVariance v="1.0"/>
    <Gravity x="0.0" y="0.0" z="0.0"/>
    <LifeTime v="1.25"/>
  </EmitterAttributes>
  <Pivots amount ="2">
    <Pivot>
      <Color   r="0.15" g="0.7" b="0.9" a="1.0"/>
      <Scale   x="1.0" y="1.0"/>
    </Pivot>
    <Pivot>
      <Color   r="0.15" g="0.7" b="0.9" a="0.0"/>
      <Scale   x="0.5" y="0.5"/>
    </Pivot>
  </Pivots>
</Emitter>
