<?xml version="1.0"?>
<Emitter>
  <EmitterAttributes>
    <Texture  v="Lightning.dds"/>
    <SpriteSheetRC x ="1.0" y="1.0" />
    <SpawnRate v="15.0"/>
    <PositionOffset   x="0.0" y="2.5" z="0.0"/>
    <PositionVariance v="20.00"/>
    <StartAngleAverage v="0.0"/>
    <StartAngleVariance v="0.0"/>
    <VelocityAverage  x="0.0" y="0.0" z="0.0"/>
    <SpeedVariance v="0.10"/>
    <AngularSpeedAverage v="0.0"/>
    <AngularSpeedVariance v="0.0"/>
    <Gravity x="0.0" y="0.0" z="0.0"/>
    <LifeTime v="0.5"/>
  </EmitterAttributes>
  <Pivots amount ="2">
    <Pivot>
      <Color   r="0.85" g="0.55" b="0.1" a="0.8"/>
      <Scale   x="1.0" y="8.0"/>
    </Pivot>
    <Pivot>
      <Color   r="0.2" g="0.05" b="0.0" a="0.0"/>
      <Scale   x="0.5" y="10.0"/>
    </Pivot>
  </Pivots>
</Emitter>
