<?xml version="1.0"?>
<Emitter>
  <EmitterAttributes>
    <Texture  v="Torch_Fire.dds"/>
    <SpriteSheetRC x ="5.0" y="4.0" />
    <SpawnRate v="1.0"/>
    <PositionOffset   x="0.0" y="0.6" z="0.0"/>
    <PositionVariance v="0.0"/>
    <StartAngleAverage v="0.0"/>
    <StartAngleVariance v="0.0"/>
    <VelocityAverage  x="0.0" y="0.0" z="0.0"/>
    <SpeedVariance v="0.0"/>
    <AngularSpeedAverage v="0.0"/>
    <AngularSpeedVariance v="0.0"/>
    <Gravity x="0.0" y="0.0" z="0.0"/>
    <LifeTime v="1.0"/>
  </EmitterAttributes>
  <Pivots amount ="2">
    <Pivot>
      <Color   r="1.0" g="0.55" b="0.0" a="0.8"/>
      <Scale   x="2.5" y="2.5"/>
    </Pivot>
    <Pivot>
      <Color   r="1.0" g="0.55" b="0.0" a="0.8"/>
      <Scale   x="2.5" y="2.5"/>
    </Pivot>
  </Pivots>
</Emitter>
