<?xml version="1.0"?>
<Emitter>
  <EmitterAttributes>
    <Texture  v="2D_Particle_Cloud.dds"/>
    <SpriteSheetRC x ="1.0" y="1.0" />
    <SpawnRate v="10.0"/>
    <PositionOffset   x="0.0" y="0.65" z="0.0"/>
    <PositionVariance v="1.45"/>
    <StartAngleAverage v="1.5"/>
    <StartAngleVariance v="2.0"/>
    <VelocityAverage  x="0.35" y="1.25" z="0.35"/>
    <SpeedVariance v="0.35"/>
    <AngularSpeedAverage v="0.25"/>
    <AngularSpeedVariance v="0.5"/>
    <Gravity x="0.5" y="1.0" z="0.5"/>
    <LifeTime v="2.5"/>
  </EmitterAttributes>
  <Pivots amount ="2">
    <Pivot>
      <Color   r="0.8" g="0.75" b="0.1" a="0.3"/>
      <Scale   x="1.0" y="1.0"/>
    </Pivot>
    <Pivot>
      <Color   r="0.2" g="0.05" b="0.0" a="0.1"/>
      <Scale   x="1.25" y="1.25"/>
    </Pivot>
  </Pivots>
</Emitter>
