<?xml version="1.0"?>
<Emitter>
  <EmitterAttributes>
    <Texture  v="A_Rock.dds"/>
    <SpriteSheetRC x ="1.0" y="1.0" />
    <SpawnRate v="10.0"/>
    <PositionOffset   x="0.0" y="0.0" z="0.0"/>
    <PositionVariance v="3.0"/>
    <StartAngleAverage v="0.0"/>
    <StartAngleVariance v="0.0"/>
    <VelocityAverage  x="1.0" y="10.0" z="1.0"/>
    <SpeedVariance v="4.0"/>
    <AngularSpeedAverage v="0.0"/>
    <AngularSpeedVariance v="0.8"/>
    <Gravity x="0.0" y="-20.0" z="0.0"/>
    <LifeTime v="1.5"/>
  </EmitterAttributes>
  <Pivots amount ="2">
    <Pivot>
      <Color   r="0.6" g="0.4" b="0.3" a= "0.5"/>
      <Scale   x="0.5" y="0.5"/>
    </Pivot>
    <Pivot>
      <Color   r="0.6" g="0.4" b="0.3" a="0.5"/>
      <Scale   x="0.5" y="0.5"/>
    </Pivot>
  </Pivots>
</Emitter>
