<?xml version="1.0"?>
<Emitter>
  <EmitterAttributes>
    <Texture  v="Smoke_Cloud.dds"/>
    <SpriteSheetRC x ="1.0" y="1.0" />
    <SpawnRate v="6.5"/>
    <PositionOffset   x="0.0" y="0.0" z="0.0"/>
    <PositionVariance v="3.0"/>
    <StartAngleAverage v="0.0"/>
    <StartAngleVariance v="0.0"/>
    <VelocityAverage  x="1.0" y="10.0" z="1.0"/>
    <SpeedVariance v="4.0"/>
    <AngularSpeedAverage v="0.0"/>
    <AngularSpeedVariance v="0.8"/>
    <Gravity x="0.0" y="-10.0" z="0.0"/>
    <LifeTime v="1.5"/>
  </EmitterAttributes>
  <Pivots amount ="2">
    <Pivot>
      <Color   r="0.73725490196078431372549019607843" g="0.45882352941176470588235294117647" b="0.25490196078431372549019607843137" a="0.5"/>
      <Scale   x="1.5" y="1.5"/>
    </Pivot>
    <Pivot>
      <Color   r="0.64705882352941176470588235294118" g="0.47450980392156862745098039215686" b="0.34509803921568627450980392156863" a="0.0"/>
      <Scale   x="2.0" y="2.0"/>
    </Pivot>
  </Pivots>
</Emitter>
