<?xml version="1.0"?>
<Emitter>
  <EmitterAttributes>
    <Texture  v="Smoke_Cloud.dds"/>
    <SpriteSheetRC x ="1.0" y="1.0" />
    <SpawnRate v="30.0"/>
    <PositionOffset   x="0.0" y="0.0" z="0.0"/>
    <PositionVariance v="3.0"/>
    <StartAngleAverage v="1.0"/>
    <StartAngleVariance v="0.2"/>
    <VelocityAverage  x="1.0" y="10.0" z="1.0"/>
    <SpeedVariance v="4.0"/>
    <AngularSpeedAverage v="4.0"/>
    <AngularSpeedVariance v="1.0"/>
    <Gravity x="0.0" y="-20.0" z="0.0"/>
    <LifeTime v="1.5"/>
  </EmitterAttributes>
  <Pivots amount ="2">
    <Pivot>
      <Color   r="0.4" g="0.2" b="0.1" a= "0.8"/>
      <Scale   x="3.0" y="3.0"/>
    </Pivot>
    <Pivot>
      <Color   r="0.4" g="0.2" b="0.1" a="0.2"/>
      <Scale   x="1.0" y="1.0"/>
    </Pivot>
  </Pivots>
</Emitter>
